,GENRE,authorKorean,authorEnglish,workTitle,workTitleKorean,translator,sourceTitle,publisher,yearCreated,ISBN,authorEnglish2
0,Poetry,서정학,Seo Jung Hak,The Cheapest France In Town,동네에서 제일 싼 프랑스,Megan Sungyoon,,World Poetry Books,2023,9781954218147,Seo Jung Hak
1,Poetry,최지인,Choi Ji-In,Am I Not Your Sin,당신의 죄는 내가 아닙니까,Stella Kim,,Asia publishers,2023,9791156626398,Choi Ji In/Choi Ji-In
2,Poetry,김사이,Kim Sayi,Poverty Must Persist,가난은 유지되어야 한다,Sunnie Chae,,Asia publishers,2023,9791156626381,Kim Sayi
3,Poetry,신달자,Shin Dal-ja,BUKCHON,북촌,Cho Young-Shil,,Homa & Sekey Books,2023,9781622461134,Shin Dal ja/Shin Dal-ja
4,Poetry,김현,Kim Hyun,Glory Hole,글로리홀,"Suhyun J. Ahn,Archana Madhavan",,Seagull Books,2022,9780857429872,Kim Hyun
5,Poetry,황인경,Hwang Inkyung (Cecily Hwang),The Birth of Pearl,진주의 탄생,Inkyung Hwang(Cecily Hwang),,Nexen Media,2021,9791190583596,Hwang Inkyung (Cecily Hwang)
6,Poetry,김혜순,Kim Hyesoon,Phantom Pain Wings,날개 환상통,Don Mee Choi,,New Directions,2023,9780811231718,Kim Hyesoon
7,Poetry,김혜순,Kim Hyesoon,Phantom Pain Wings,날개 환상통,Don Mee Choi,,New Directions*,2023,9780811231725,Kim Hyesoon
8,Poetry,신동옥,Shin Dong-ok,Encore,앙코르,Jeon Seung-hee,,Asia publishers,2022,9791156626206,Shin Dong ok/Shin Dong-ok
9,Poetry,김행숙,Kim Haengsook,Human Time,,"Léo-Thomas Brylowski,Hannah Hertzog,Susan K,Jiyoon Lee, Joanne Park,Soeun Seo,Soohyun Yang",,Black Ocean,2023,9781939568694,Kim Haengsook
10,Poetry,정우신,Jeong Woo-shin,I'll Give You All My Promenade,내가 가진 산책길을 다 줄게,Susan K,,Asia publishers,2022,9791156626169,Jeong Woo shin/Jeong Woo-shin
11,Poetry,임솔아,Lim Solah,Grotesque weather and good people,괴괴한 날씨와 착한 사람들,"Oh Eunkyung,Olan Munson",,Black Ocean,2022,9781939568434,Lim Solah
12,Poetry,나태주,Na Tae Joo,I See You Like I See a Flower,꽃을 보듯 너를 본다,"Ma. Kristina Carla Rico,Kyung-min Bae",,Adarna house,2022,9789715089050,Na Tae Joo
13,Poetry,마종기,Mah Chonggi ,Invisible Land of Love,,Youngshil Cho,,Homa & Sekey Books,2022,9781622461035,Mah Chonggi 
14,Poetry,이원,Yi Won,The World's Lightest Motorcycle,세상에서 가장 가벼운 오토바이,"E. J. Koh,Cancio-Bello,Marci Calabretta",,Zephyr Press,2021,9781938890840,Yi Won
15,Poetry,이영주,Lee Young-ju,Cold Candies:Selected Poems of Lee Young-ju,,Jae Kim,,Black Ocean,2021,9781939568403,Lee Young ju/Lee Young-ju
16,Poetry,김근,Kim Keun,Beginning the End,끝을 시작하기,Deborah Kim,,Asia publishers,2021,9791156625667,Kim Keun
17,Poetry,이설야,Lee Sul-ya,Cave Boys,굴 소년들,Brother Anthony of Taize,,Asia publishers,2021,9791156625674,Lee Sul ya/Lee Sul-ya
18,Poetry,김성규,Kim Sungkyu,Suicide Parasite,자살충,"YoungShil Ji,Daniel T. Parker",,Asia publishers,2021,9791156625445,Kim Sungkyu
19,Poetry,황규관,Hwang Gyu-gwan,Tiger Swallowtail,호랑나비,Jeon Seung-hee,,Asia publishers,2021,9791156625483,Hwang Gyu gwan/Hwang Gyu-gwan
20,Poetry,이소호,Lee Soho,Catcalling,캣콜링,Soje,,Open Letter,2021,9781948830386,Lee Soho
21,Poetry,이소호,Lee Soho,Catcalling,캣콜링,Soje,,Open Letter*,2021,9781948830478,Lee Soho
22,Poetry,문보영,Moon Bo Young,Pillar of Books,책기둥,Hedgie Choi,,Black Ocean,2021,9781939568397,Moon Bo Young
23,Poetry,김수열,Kim Soo-yeol,Homo Maskus,호모 마스크스,Brother Anthony of Taize,,Asia publishers,2020,9791156625278,Kim Soo yeol/Kim Soo-yeol
24,Poetry,장이지,Jang I-ji,A Boy Is Looking at the White Moon from a Classroom Under the Sea,해저의 교실에서 소년은 흰 달을 본다,Jeon Seung-hee,,Asia publishers,2020,9791156625254,Jang I ji/Jang I-ji
25,Fiction,이금이,Lee Geum-yi,Can't I Go Instead,"거기, 내가 가면 안 돼요?",An Seonjae,,Tor Publishing Group,2023,9781250859556,Lee Geum yi/Lee Geum-yi
26,Fiction,이금이,Lee Geum-yi,Can't I Go Instead,"거기, 내가 가면 안 돼요?",An Seonjae,,Tor Publishing Group*,2023,9781250859556,Lee Geum yi/Lee Geum-yi
27,Fiction,이금이,Lee Geum-yi,Can't I Go Instead,"거기, 내가 가면 안 돼요?",An Seonjae,,Scribner UK,2023,9781915590381,Lee Geum yi/Lee Geum-yi
28,Fiction,공지영,Gong Ji-Young,Togani,도가니,"Bruce Fulton,Ju-Chan Fulton",,University of Hawaii Press,2023,9780824895242,Gong Ji Young/Gong Ji-Young
29,Fiction,듀나,Djuna,Counterweight,평형추,Anton Hur,,Pantheon Books,2023,‎ 9780593317211,Djuna
30,Fiction,듀나,Djuna,Counterweight,평형추,Anton Hur,,Pantheon Books*,2023,9780593317228,Djuna
31,Fiction,강영숙,Kang Young-sook,From Mullae ,문래에서,Janet Hong,At Night He Lifts Weights,Transit Books,2023,9781945492709,Kang Young sook/Kang Young-sook
32,Fiction,강영숙,Kang Young-sook,At Night He Lifts Weights,아령 하는 밤,Janet Hong,At Night He Lifts Weights,Transit Books,2023,9781945492709,Kang Young sook/Kang Young-sook
33,Fiction,강영숙,Kang Young-sook,Radio and River,라디오와 강,Janet Hong,At Night He Lifts Weights,Transit Books,2023,9781945492709,Kang Young sook/Kang Young-sook
34,Fiction,강영숙,Kang Young-sook,Death Road,죽음의 도로,Janet Hong,At Night He Lifts Weights,Transit Books,2023,9781945492709,Kang Young sook/Kang Young-sook
35,Fiction,강영숙,Kang Young-sook,Disaster Zone Tour Bus,재해지역투어버스,Janet Hong,At Night He Lifts Weights,Transit Books,2023,9781945492709,Kang Young sook/Kang Young-sook
36,Fiction,강영숙,Kang Young-sook,Greenland,그린란드,Janet Hong,At Night He Lifts Weights,Transit Books,2023,9781945492709,Kang Young sook/Kang Young-sook
37,Fiction,강영숙,Kang Young-sook,Anxious City,불안한 도시,Janet Hong,At Night He Lifts Weights,Transit Books,2023,9781945492709,Kang Young sook/Kang Young-sook
38,Fiction,강영숙,Kang Young-sook,Freight Warehouse,프리퍄트창고,Janet Hong,At Night He Lifts Weights,Transit Books,2023,9781945492709,Kang Young sook/Kang Young-sook
39,Fiction,강영숙,Kang Young-sook,A Certain Fight,어떤 싸움,Janet Hong,At Night He Lifts Weights,Transit Books,2023,9781945492709,Kang Young sook/Kang Young-sook
40,Fiction,강영숙,Kang Young-sook,From Mullae ,문래에서,Janet Hong,At Night He Lifts Weights,Transit Books*,2023,9781945492709,Kang Young sook/Kang Young-sook
41,Fiction,강영숙,Kang Young-sook,At Night He Lifts Weights,아령 하는 밤,Janet Hong,At Night He Lifts Weights,Transit Books*,2023,9781945492709,Kang Young sook/Kang Young-sook
42,Fiction,강영숙,Kang Young-sook,Radio and River,라디오와 강,Janet Hong,At Night He Lifts Weights,Transit Books*,2023,9781945492709,Kang Young sook/Kang Young-sook
43,Fiction,강영숙,Kang Young-sook,Death Road,죽음의 도로,Janet Hong,At Night He Lifts Weights,Transit Books*,2023,9781945492709,Kang Young sook/Kang Young-sook
44,Fiction,강영숙,Kang Young-sook,Disaster Zone Tour Bus,재해지역투어버스,Janet Hong,At Night He Lifts Weights,Transit Books*,2023,9781945492709,Kang Young sook/Kang Young-sook
45,Fiction,강영숙,Kang Young-sook,Greenland,그린란드,Janet Hong,At Night He Lifts Weights,Transit Books*,2023,9781945492709,Kang Young sook/Kang Young-sook
46,Fiction,강영숙,Kang Young-sook,Anxious City,불안한 도시,Janet Hong,At Night He Lifts Weights,Transit Books*,2023,9781945492709,Kang Young sook/Kang Young-sook
47,Fiction,강영숙,Kang Young-sook,Freight Warehouse,프리퍄트창고,Janet Hong,At Night He Lifts Weights,Transit Books*,2023,9781945492709,Kang Young sook/Kang Young-sook
48,Fiction,강영숙,Kang Young-sook,A Certain Fight,어떤 싸움,Janet Hong,At Night He Lifts Weights,Transit Books*,2023,9781945492709,Kang Young sook/Kang Young-sook
49,Fiction,편혜영,Pyun  Hye-young ,The Owl Cries,서쪽 숲에 갔다,Sora Kim-Russell,,Arcade,2023,9781956763508,Pyun  Hye young /Pyun  Hye-young 
50,Fiction,천명관,Cheon Myeong-kwan,Whale,고래,Jae Won Chung,,Dalkey Archive Press,2016,9781953861146,Cheon Myeong kwan/Cheon Myeong-kwan
51,Fiction,천명관,Cheon Myeong-kwan,Whale,고래,Chi-Young Kim,,Archipelago Books,2023,9781953861146,Cheon Myeong kwan/Cheon Myeong-kwan
52,Fiction,천명관,Cheon Myeong-kwan,Whale,고래,Chi-Young Kim,,Archipelago Books*,2023,9781953861153,Cheon Myeong kwan/Cheon Myeong-kwan
53,Fiction,천명관,Cheon Myeong-kwan,Whale,고래,Chi-Young Kim,,Europa Editions,2023,9781953861146,Cheon Myeong kwan/Cheon Myeong-kwan
54,Fiction,황석영,Hwang Sok-yong,Mater 2-10,철도원 삼대,"Sora Kim-Russell,Youngjae Josephine Bae",,Scribe,2023,9781922310965,Hwang Sok yong/Hwang Sok-yong
55,Fiction,강화길,Kang Hwa-gil,Another Person,다른 사람,Clare Richards,,Pushkin Press,2023,9781782279358,Kang Hwa gil/Kang Hwa-gil
56,Fiction,강화길,Kang Hwa-gil,Another Person,다른 사람,Clare Richards,,Pushkin Press*,2023,9781782279365,Kang Hwa gil/Kang Hwa-gil
57,Fiction,신경숙,Shin Kyung-sook,I Went To See My Father,아버지에게 갔었어,Anton Hur,,Astra House,2023,9781662601378,Shin Kyung sook/Shin Kyung-sook
58,Fiction,신경숙,Shin Kyung-sook,I Went To See My Father,아버지에게 갔었어,Anton Hur,,Astra House*,2023,9781662601385,Shin Kyung sook/Shin Kyung-sook
59,Fiction,돌기민,Dolki Min,Walking Practice,보행연습,Victoria Caudle,,HarperCollins,2023,9780063258617,Dolki Min
60,Fiction,돌기민,Dolki Min,Walking Practice,보행연습,Victoria Caudle,,HarperCollins*,2023,9780063258631,Dolki Min
61,Fiction,황여정,Hwang Yeo Jung,The Specters of Algeria,알제리의 유령들,Yewon Jung,,Honford Press,2023,9781739822569,Hwang Yeo Jung
62,Fiction,이금이,Lee Geum-yi,The Picture Bride,"알로하, 나의 엄마들",An Seonjae,,Forge,2022,9781250808660,Lee Geum yi/Lee Geum-yi
63,Fiction,이금이,Lee Geum-yi,The Picture Bride,"알로하, 나의 엄마들",An Seon Jae,,Scribe UK,2022,9781913348861,Lee Geum yi/Lee Geum-yi
64,Fiction,이금이,Lee Geum-yi,The Picture Bride,"알로하, 나의 엄마들",An Seon Jae,,Scribe UK,2022,9781922586629,Lee Geum yi/Lee Geum-yi
65,Fiction,이정명,Lee J.M. ,Broken Summer,부서진 여름,An Seon Jae,,Amazon Crossing,2022,9781662505041,Lee J.M. 
66,Fiction,배명훈,Bae Myung-hoon,LAUNCH SOMETHING!,빙글빙글 우주군,Stella Kim,,Honford Star,2022,9781739822545,Bae Myung hoon/Bae Myung-hoon
67,Fiction,구병모,Gu Byeong-mo,The Old Woman With the Knife,파과,Chi-Young Kim,,Canongate,2022,9781838856434,Gu Byeong mo/Gu Byeong-mo
68,Fiction,구병모,Gu Byeong-mo,The Old Woman With the Knife,파과,Chi-Young Kim,,Canongate*,2022,9780369718853,Gu Byeong mo/Gu Byeong-mo
69,Fiction,한강,Han Kang,Greek Lessons,희랍어 시간,"Deborah Smith,Emily Yae Won",,Hogarth,2023,9780593595275,Han Kang
70,Fiction,한강,Han Kang,Greek Lessons,희랍어 시간,"Deborah Smith,Emily Yae Won",,Hogarth*,2023,9780593595282,Han Kang
71,Fiction,한강,Han Kang,Greek Lessons,희랍어 시간,"Deborah Smith,Emily Yae Won",,Penguin Books*,2023,9780241997079,Han Kang
72,Fiction,손원평,Sohn Won-Pyung ,Almond,아몬드,Sandy Joosun Lee,,HarperVia,2021,9780062961389,Sohn Won Pyung /Sohn Won-Pyung 
73,Fiction,손원평,Sohn Won-Pyung ,Almond,아몬드,Sandy Joosun Lee,,HarperVia*,2021,9780062961402,Sohn Won Pyung /Sohn Won-Pyung 
74,Fiction,조남주,Cho Nam-joo,Saha,사하맨션,Jamie Chang,,Scribner UK,2022,9781398510005,Cho Nam joo/Cho Nam-joo
75,Fiction,조남주,Cho Nam-joo,Saha,사하맨션,Jamie Chang,,Liveright,2022,9781324090885,Cho Nam joo/Cho Nam-joo
76,Fiction,조남주,Cho Nam-joo,Saha,사하맨션,Jamie Chang,,Scribner UK,2023,9781398510029,Cho Nam joo/Cho Nam-joo
77,Fiction,조남주,Cho Nam-joo,Saha,사하맨션,Jamie Chang,,Scribner UK*,2022,9781398510012,Cho Nam joo/Cho Nam-joo
78,Fiction,조남주,Cho Nam-joo,Saha,사하맨션,Jamie Chang,,Liveright*,2022,9781324090892,Cho Nam joo/Cho Nam-joo
79,Fiction,서수진,Seo Su-Jin,Korean Teachers,코리안 티처,Lizzie Buehler,,Harriett Press,2022,9789811831973,Seo Su Jin/Seo Su-Jin
80,Fiction,신경숙,Shin Kyung-Sook ,Please Look After Mother,엄마를 부탁해,Chi-Young Kim,,Weidenfeld & Nicolson,2011,9780297860730,Shin Kyung Sook /Shin Kyung-Sook 
81,Fiction,신경숙,Shin Kyung-Sook ,Please Look After Mother,엄마를 부탁해,Chi-Young Kim,,Weidenfeld & Nicolson,2012,9780753828182,Shin Kyung Sook /Shin Kyung-Sook 
82,Fiction,신경숙,Shin Kyung-Sook ,Please Look After Mother,엄마를 부탁해,Chi-Young Kim,,Weidenfeld & Nicolson,2022,9781474621687,Shin Kyung Sook /Shin Kyung-Sook 
83,Fiction,신경숙,Shin Kyung-Sook ,VIOLETS,바이올렛,Anton Hur,,The Feminist Press,2022,9781558612907,Shin Kyung Sook /Shin Kyung-Sook 
84,Fiction,신경숙,Shin Kyung-Sook ,VIOLETS,바이올렛,Jung Bum Hur,,Weidenfeld & Nicolson,2022,9781474623551,Shin Kyung Sook /Shin Kyung-Sook 
85,Fiction,김혜진,Kim Hye-jin,Concerning My Daughter,딸에 대하여,Jamie Chang,,Pan Macmillan,2022,9781529057676,Kim Hye jin/Kim Hye-jin
86,Fiction,김혜진,Kim Hye-jin,Concerning My Daughter,딸에 대하여,Jamie Chang,,Restless Books,2022,9781632063496,Kim Hye jin/Kim Hye-jin
87,Fiction,김혜진,Kim Hye-jin,Concerning My Daughter,딸에 대하여,Jamie Chang,,Pan Macmillan*,2022,9781529057690,Kim Hye jin/Kim Hye-jin
88,Fiction,최은영,Choi Eunyoung,Shoko's Smile,쇼코의 미소,Sung Ryu,,Hodder & Stoughton,2021,9781529376029,Choi Eunyoung
89,Fiction,최은영,Choi Eunyoung,Shoko's Smile,쇼코의 미소,Sung Ryu,,Penguin Randomhouse,2021,9780143135265,Choi Eunyoung
90,Fiction,최은영,Choi Eunyoung,Shoko's Smile,쇼코의 미소,Sung Ryu,,Penguin Randomhouse*,2021,9780525506935,Choi Eunyoung
91,Fiction,박상영,Sang Young Park,Love in the Big City,대도시의 사랑법,Anton Hur,,Tilted Axis Press,2021,9781911284659,Sang Young Park
92,Fiction,김언수,Kim Un-su,The Cabinet,캐비닛,Sean Lin Halbert,,Angry Robot,2021,9780857669179,Kim Un su/Kim Un-su
93,Fiction,박상영,Sang Young Park,Love in the Big City,대도시의 사랑법,Anton Hur,,Grove Press,2021,9780802158789,Sang Young Park
94,Fiction,권여선,Kwon Yeo-sun,Lemon,레몬,Janet Hong,,Other Press,2021,9781635420883,Kwon Yeo sun/Kwon Yeo-sun
95,Fiction,권여선,Kwon Yeo-sun,Lemon,레몬,Janet Hong,,Bloomsbury Publishing*,2021,9781800241503,Kwon Yeo sun/Kwon Yeo-sun
96,Fiction,정지아,Jeong Ji-a,The Black room,검은 방,Sohn Jung-in,,Asia publishers,2020,9791156624257,Jeong Ji a/Jeong Ji-a
97,Essay,김보영,Kim Bo-yong,A brief reflection on breasts,가슴에 대한 소고,"Sora Kim-Russell,Joungmin Lee Comfort",On the Origin of Species and Other Stories,Kaya Press,2021,9781885030719,Kim Bo yong/Kim Bo-yong
98,Fiction,김보영,Kim Bo-yong,Scripter,스크립터,"Sora Kim-Russell,Joungmin Lee Comfort",On the Origin of Species and Other Stories,Kaya Press,2021,9781885030719,Kim Bo yong/Kim Bo-yong
99,Fiction,김보영,Kim Bo-yong,Between Zero and One,0과 1 사이,"Sora Kim-Russell,Joungmin Lee Comfort",On the Origin of Species and Other Stories,Kaya Press,2021,9781885030719,Kim Bo yong/Kim Bo-yong
100,Fiction,김보영,Kim Bo-yong,An Evolutionary Myth,진화신화,"Sora Kim-Russell,Joungmin Lee Comfort",On the Origin of Species and Other Stories,Kaya Press,2021,9781885030719,Kim Bo yong/Kim Bo-yong
101,Fiction,김보영,Kim Bo-yong,Last of the Wolves,마지막 늑대,"Sora Kim-Russell,Joungmin Lee Comfort",On the Origin of Species and Other Stories,Kaya Press,2021,9781885030719,Kim Bo yong/Kim Bo-yong
102,Fiction,김보영,Kim Bo-yong,Stars Shine in Earth's Sky,지구의 하늘에는 별이 빛나고 있다,"Sora Kim-Russell,Joungmin Lee Comfort",On the Origin of Species and Other Stories,Kaya Press,2021,9781885030719,Kim Bo yong/Kim Bo-yong
103,Fiction,김보영,Kim Bo-yong,On the Origin of Species ,종의 기원,"Sora Kim-Russell,Joungmin Lee Comfort",On the Origin of Species and Other Stories,Kaya Press,2021,9781885030719,Kim Bo yong/Kim Bo-yong
104,Fiction,김보영,Kim Bo-yong,What Might have Happened Thereafter,종의 기원 -  그 후에 있었을지도 모르는 이야기,"Sora Kim-Russell,Joungmin Lee Comfort",On the Origin of Species and Other Stories,Kaya Press,2021,9781885030719,Kim Bo yong/Kim Bo-yong
105,Fiction,서장원,Seo Jang-won,Happy Together,해피 투게더,Paige Aniyah Morris,,Asia publishers,2021,9791156625339,Seo Jang won/Seo Jang-won
106,Fiction,김보영,Kim Bo-Young,I'm Waiting for You,당신을 기다리고 있어,Sophie Bowman,I'm Waiting for You: And Other Stories,Harper Voyager,2021,9780062951465,Kim Bo Young/Kim Bo-Young
107,Fiction,김보영,Kim Bo-Young,The Prophet of Corruption,저 이승의 선지자,Sung Ryu,I'm Waiting for You: And Other Stories,Harper Voyager,2021,9780062951465,Kim Bo Young/Kim Bo-Young
108,Fiction,김보영,Kim Bo-Young,That One Life,그 하나의 생에 대하여,Sung Ryu,I'm Waiting for You: And Other Stories,Harper Voyager,2021,9780062951465,Kim Bo Young/Kim Bo-Young
109,Fiction,김보영,Kim Bo-Young,On my way to you,당신에게 가고 있어,Sophie Bowman,I'm Waiting for You: And Other Stories,Harper Voyager,2021,9780062951465,Kim Bo Young/Kim Bo-Young
110,Fiction,김보영,Kim Bo-Young,I'm Waiting for You,당신을 기다리고 있어,Sophie Bowman,I’m Waiting For You,Harper Voyager,2021,9780008433796,Kim Bo Young/Kim Bo-Young
111,Fiction,김보영,Kim Bo-Young,The Prophet of Corruption,저 이승의 선지자,Sung Ryu,I’m Waiting For You,Harper Voyager,2021,9780008433796,Kim Bo Young/Kim Bo-Young
112,Fiction,김보영,Kim Bo-Young,That One Life,그 하나의 생에 대하여,Sung Ryu,I’m Waiting For You,Harper Voyager,2021,9780008433796,Kim Bo Young/Kim Bo-Young
113,Fiction,김보영,Kim Bo-Young,On my way to you,당신에게 가고 있어,Sophie Bowman,I’m Waiting For You,Harper Voyager,2021,9780008433796,Kim Bo Young/Kim Bo-Young
114,Fiction,김보영,Kim Bo-Young,I'm Waiting for You,당신을 기다리고 있어,Sophie Bowman,I'm Waiting for You,Harper Voyager*,2021,9780062951489,Kim Bo Young/Kim Bo-Young
115,Fiction,김보영,Kim Bo-Young,The Prophet of Corruption,저 이승의 선지자,Sung Ryu,I'm Waiting for You,Harper Voyager*,2021,9780062951489,Kim Bo Young/Kim Bo-Young
116,Fiction,김보영,Kim Bo-Young,That One Life,그 하나의 생에 대하여,Sung Ryu,I'm Waiting for You,Harper Voyager*,2021,9780062951489,Kim Bo Young/Kim Bo-Young
117,Fiction,김보영,Kim Bo-Young,On my way to you,당신에게 가고 있어,Sophie Bowman,I'm Waiting for You,Harper Voyager*,2021,9780062951489,Kim Bo Young/Kim Bo-Young
118,Fiction,김보영,Kim Bo-Young,I'm Waiting for You,당신을 기다리고 있어,Sophie Bowman,I'm Waiting for You,Harper Voyager*,2021,9780008433819,Kim Bo Young/Kim Bo-Young
119,Fiction,김보영,Kim Bo-Young,The Prophet of Corruption,저 이승의 선지자,Sung Ryu,I'm Waiting for You,Harper Voyager*,2021,9780008433819,Kim Bo Young/Kim Bo-Young
120,Fiction,김보영,Kim Bo-Young,That One Life,그 하나의 생에 대하여,Sung Ryu,I'm Waiting for You,Harper Voyager*,2021,9780008433819,Kim Bo Young/Kim Bo-Young
121,Fiction,김보영,Kim Bo-Young,On my way to you,당신에게 가고 있어,Sophie Bowman,I'm Waiting for You,Harper Voyager*,2021,9780008433819,Kim Bo Young/Kim Bo-Young
122,Fiction,최진영,Choi Jin-Young,To the warm horizon,해가 지는 곳으로,Soje Lee,,Honford Star,2021,9781916277144,Choi Jin Young/Choi Jin-Young
123,Fiction,정영문,Jung Young Moon,Dog Ear,개의 귀,"Mah Eunji,Jeffrey Karvonen",Arriving in a Thick Fog,Deep Vellum Publishing,2021,9781646050437,Jung Young Moon
124,Fiction,정영문,Jung Young Moon,At Penal Colony X,유형지 x에서,"Mah Eunji,Jeffrey Karvonen",Arriving in a Thick Fog,Deep Vellum Publishing,2021,9781646050437,Jung Young Moon
125,Fiction,정영문,Jung Young Moon,A Certain State of Incapacity,어떤 불능 상태,"Mah Eunji,Jeffrey Karvonen",Arriving in a Thick Fog,Deep Vellum Publishing,2021,9781646050437,Jung Young Moon
126,Fiction,정영문,Jung Young Moon,Arriving in a Thick Fog,오리무중에 이르다,"Mah Eunji,Jeffrey Karvonen",Arriving in a Thick Fog,Deep Vellum Publishing,2021,9781646050437,Jung Young Moon
127,Classic_Fiction,윤춘년,Yun Ch'unnyŏn,Biography of Master Maewŏltang (Maewŏltang sŏnsaeng chŏn),매월당선생전,Dennis Würthner,Tales of the strange by a Korean Confucian monk = Kŭmo sinhwa by Kim Sisŭp,The University Press of Hawaii,2020,9780824882594,Yun Ch'unnyon/Yun Ch'unnyŏn
128,Classic_Fiction,김시습,Kim Si-seup,Account of a Chŏp'o Game at Manbok Temple (Manboksa chŏp'o ki),만복사저포기(萬福寺樗蒲記),Dennis Würthner,Tales of the strange by a Korean Confucian monk = Kŭmo sinhwa by Kim Sisŭp,The University Press of Hawaii,2020,9780824882594,Kim Si seup/Kim Si-seup
129,Classic_Fiction,김시습,Kim Si-seup,Biography of Scholar Yi Who Peered over the Wall (Yi-saeng kyujang chŏn),이생규장전(李生窺牆傳),Dennis Würthner,Tales of the strange by a Korean Confucian monk = Kŭmo sinhwa by Kim Sisŭp,The University Press of Hawaii,2020,9780824882594,Kim Si seup/Kim Si-seup
130,Classic_Fiction,김시습,Kim Si-seup,Travel Record of a Drunken Excursion to Pubyŏk Pavilion (Ch'wiyu pubyŏkchŏng ki) ,취유부벽정기(醉遊浮碧亭記),Dennis Würthner,Tales of the strange by a Korean Confucian monk = Kŭmo sinhwa by Kim Sisŭp,The University Press of Hawaii,2020,9780824882594,Kim Si seup/Kim Si-seup
131,Classic_Fiction,김시습,Kim Si-seup,Gazetteer of the Southern Continent Yŏmbu (Namyŏmbuju chi),남염부주지(南炎浮洲志),Dennis Würthner,Tales of the strange by a Korean Confucian monk = Kŭmo sinhwa by Kim Sisŭp,The University Press of Hawaii,2020,9780824882594,Kim Si seup/Kim Si-seup
132,Classic_Fiction,김시습,Kim Si-seup,Report of [Scholar Han] Attending a Banquet in the Dragon Palace (Yonggung puyŏn rok),용궁부연록(龍宮赴宴錄),Dennis Würthner,Tales of the strange by a Korean Confucian monk = Kŭmo sinhwa by Kim Sisŭp,The University Press of Hawaii,2020,9780824882594,Kim Si seup/Kim Si-seup
133,Classic_Fiction,김시습,Kim Si-seup,Written at the End of the First Collection [of Kŭmo sinhwa] (Sŏ kapchip-hu),서갑집후(書甲集後),Dennis Würthner,Tales of the strange by a Korean Confucian monk = Kŭmo sinhwa by Kim Sisŭp,The University Press of Hawaii,2020,9780824882594,Kim Si seup/Kim Si-seup
134,Fiction,김애란,Ae-ran Kim,My Brilliant Life,두근두근 내 인생,Chi-Young Kim,,Forge Books,2022,9781250750563,Ae ran Kim/Ae-ran Kim
135,Fiction,김애란,Ae-ran Kim,My Brilliant Life,두근두근 내 인생,Chi-Young Kim,,Forge Books,2021,9781250750556,Ae ran Kim/Ae-ran Kim
136,Fiction,김애란,Ae-ran Kim,My Brilliant Life,두근두근 내 인생,Chi-Young Kim,,Forge Books*,2021,9781250750549,Ae ran Kim/Ae-ran Kim
137,Fiction,조남주,Cho Nam-joo,"Kim Jiyoung, Born 1982",82년생 김지영,Jamie Chang,,Simon & Schuster UK,2021,9781471184307,Cho Nam joo/Cho Nam-joo
138,Fiction,조남주,Cho Nam-joo,"Kim Jiyoung, Born 1982",82년생 김지영,Jamie Chang,,Liveright,2020,9781631496707,Cho Nam joo/Cho Nam-joo
139,Fiction,조남주,Cho Nam-joo,"Kim Jiyoung, Born 1982",82년생 김지영,Jamie Chang,,Scribner UK,2020,9781471184284,Cho Nam joo/Cho Nam-joo
140,Fiction,조남주,Cho Nam-joo,"Kim Jiyoung, Born 1982",82년생 김지영,Jamie Chang,,Liveright*,2020,9781631496714,Cho Nam joo/Cho Nam-joo
141,Fiction,조남주,Cho Nam-joo,"Kim Jiyoung, Born 1982",82년생 김지영,Jamie Chang,,Scribner UK*,2020,9788857565095,Cho Nam joo/Cho Nam-joo
142,Children’s Literature,이지은,Lee Gee-Eun,My GrandMom,할머니 엄마,Sophie Bowman,,Amazon Crossing Kids,2022,9781662508257,Lee Gee Eun/Lee Gee-Eun
143,Children’s Literature,김성미,Kim Sung Mi,Say Hello?,인사,Clare Richards,,Berbay Publishing,2022,9781922610492,Kim Sung Mi
144,Essay,김단,Kim Dan,You Can Wind Down from Time to Time,가끔은 웅크리고 있어도 괜찮아,"Maria Kristina Carla Rico,Kyung-min Bae",,Adarna House,2021,9789715088688,Kim Dan
145,Essay,김수현,Soo-hyun Kim,Being Comfortable Without Effort,애쓰지 않고 편안하게,"Ma. Kristina Carla Rico,Kyung-min Bae",,Adarna House,2021,9789715088510,Soo hyun Kim/Soo-hyun Kim
146,Essay,김수현,Soo-hyun Kim,I Decided to Live as Me,나는 나로 살기로 했다,"Ma. Kristina Carla Rico,Kyung-min Bae",,Adarna House,2020,9789715088343,Soo hyun Kim/Soo-hyun Kim
147,Essay,백세희,Baek Sehee,I Want to Die but I Want to Eat Tteokbokki,죽고 싶지만 떡볶이는 먹고 싶어,Anton Hur,,Bloomsbury Publishing,2022,9781526650863,Baek Sehee
148,Essay,백세희,Baek Sehee,I Want to Die but I Want to Eat Tteokbokki,죽고 싶지만 떡볶이는 먹고 싶어,Anton Hur,,Bloomsbury Publishing*,2022,9781526648082,Baek Sehee
149,Essay,백세희,Baek Sehee,I Want to Die but I Want to Eat Tteokbokki,죽고 싶지만 떡볶이는 먹고 싶어,Anton Hur,,Bloomsbury USA,2022,9781635579383,Baek Sehee
150,Essay,황석영,Hwang Sok-yong,The Prisoner,,"Sora Kim-Russell,Anton Hur",,Verso Books,2021,9781839760839,Hwang Sok yong/Hwang Sok-yong
151,Essay,황석영,Hwang Sok-yong,The Prisoner,,"Sora Kim-Russell,Anton Hur",,Verso Books*,2021,9781839760853,Hwang Sok yong/Hwang Sok-yong
152,Essay,신영복,Shin Young-bok,Reflections from Prison,감옥으로부터의 사색,"Cho Byung-Eun,Jin Young-Jong,Kim Hain",,Meredith Victory,2022,9781919650111,Shin Young bok/Shin Young-bok
153,Poetry,김민정,Kim Min-jeong,"A Flower, at the Moment","꽃, 그 순간",Woo Hyeong-sook,,東暻,2021,9791197069093,Kim Min jeong/Kim Min-jeong
154,Poetry,신용목,Shin Yong-mok,Concealed Words,,Brother Anthony of Taizé,,Black Ocean,2022,9781939568335,Shin Yong mok/Shin Yong-mok
155,Poetry,박장호,Park Jang-ho,A Morning with only Writing Left,,Brother Anthony of Taizé,,Asia publishers,2022,9791156626138,Park Jang ho/Park Jang-ho
156,Poetry,이소연,Lee Soyoun,Nearly All Happiness,,Sunnie Chae,,Asia publishers,2022,9791156626121,Lee Soyoun
157,Poetry,문동만,Moon Dong-man,Thinking Less about Sad Things,,Brother Anthony of Taizé,,Asia publishers,2022,9791156625933,Moon Dong man/Moon Dong-man
158,Poetry,박철,Park Cheol,Following Birds,,Jeon Seung-hee,,Asia publishers,2022,9791156625926,Park Cheol
159,Poetry,이현호,Lee Hyun-ho,Non-matter,,Agnel Joseph,,Asia publishers,2021,9791156625841,Lee Hyun ho/Lee Hyun-ho
160,Poetry,황인찬,Hwang Inchan,You Have Reached the End of the Future,,Hoyoung Moon,,Asia publishers,2021,9791156625827,Hwang Inchan
161,Essay,윤동주,Yoon Dong-ju,Shooting at the Moon,달을 쏘다,Sung-Il Lee,Counting the Stars at Night,Resource Publications,2022,9781666738834,Yoon Dong ju/Yoon Dong-ju
162,Essay,윤동주,Yoon Dong-ju,Where a Shooting Star Fell,별똥 떨어진 데,Sung-Il Lee,Counting the Stars at Night,Resource Publications,2022,9781666738834,Yoon Dong ju/Yoon Dong-ju
163,Essay,윤동주,Yoon Dong-ju,Flowers Bloom in the Garden,화원에 꽃이 핀다,Sung-Il Lee,Counting the Stars at Night,Resource Publications,2022,9781666738834,Yoon Dong ju/Yoon Dong-ju
164,Essay,윤동주,Yoon Dong-ju,The End and the Beginning,종시(終始),Sung-Il Lee,Counting the Stars at Night,Resource Publications,2022,9781666738834,Yoon Dong ju/Yoon Dong-ju
165,Poetry,윤동주,Yoon Dong-ju,Counting the Stars at Night,,"Insoo Lee,Sung-Il Lee",Counting the Stars at Night,Resource Publications,2022,9781666738834,Yoon Dong ju/Yoon Dong-ju
166,Poetry,이상화,Yi Sang-hwa,Does Spring Come Also to These Ravished Fields?,,"Insoo Lee,Sung-Il Lee",,Cross-Cultural Communications,2022,9780893046446,Yi Sang hwa/Yi Sang-hwa
167,Fiction,정보라,Chung Bora ,Cursed Bunny,저주토끼,Anton Hur,Cursed Bunny,Algonquin Books,2022,9781643753607,Chung Bora 
168,Fiction,정보라,Chung Bora ,The Head,머리,Anton Hur,Cursed Bunny,Algonquin Books,2022,9781643753607,Chung Bora 
169,Fiction,정보라,Chung Bora ,The Frozen Finger,차가운 손가락,Anton Hur,Cursed Bunny,Algonquin Books,2022,9781643753607,Chung Bora 
170,Fiction,정보라,Chung Bora ,The Embodiment,몸하다,Anton Hur,Cursed Bunny,Algonquin Books,2022,9781643753607,Chung Bora 
171,Fiction,정보라,Chung Bora ,"Goodbye, My Love","안녕, 내 사랑",Anton Hur,Cursed Bunny,Algonquin Books,2022,9781643753607,Chung Bora 
172,Fiction,정보라,Chung Bora ,Cursed Bunny,덫,Anton Hur,Cursed Bunny,Algonquin Books,2022,9781643753607,Chung Bora 
173,Fiction,정보라,Chung Bora ,Scars,흉터,Anton Hur,Cursed Bunny,Algonquin Books,2022,9781643753607,Chung Bora 
174,Fiction,정보라,Chung Bora ,Home Sweet Home,즐거운 나의 집,Anton Hur,Cursed Bunny,Algonquin Books,2022,9781643753607,Chung Bora 
175,Fiction,정보라,Chung Bora ,Ruler of the Winds and Sands,바람과 모래의 지배자,Anton Hur,Cursed Bunny,Algonquin Books,2022,9781643753607,Chung Bora 
176,Fiction,정보라,Chung Bora ,Reunion,재회,Anton Hur,Cursed Bunny,Algonquin Books,2022,9781643753607,Chung Bora 
177,Fiction,정보라,Chung Bora ,Cursed Bunny,저주토끼,Anton Hur,Cursed Bunny,Algonquin Books*,2022,9781643755007,Chung Bora 
178,Fiction,정보라,Chung Bora ,The Head,머리,Anton Hur,Cursed Bunny,Algonquin Books*,2022,9781643755007,Chung Bora 
179,Fiction,정보라,Chung Bora ,The Frozen Finger,차가운 손가락,Anton Hur,Cursed Bunny,Algonquin Books*,2022,9781643755007,Chung Bora 
180,Fiction,정보라,Chung Bora ,The Embodiment,몸하다,Anton Hur,Cursed Bunny,Algonquin Books*,2022,9781643755007,Chung Bora 
181,Fiction,정보라,Chung Bora ,"Goodbye, My Love","안녕, 내 사랑",Anton Hur,Cursed Bunny,Algonquin Books*,2022,9781643755007,Chung Bora 
182,Fiction,정보라,Chung Bora ,Cursed Bunny,덫,Anton Hur,Cursed Bunny,Algonquin Books*,2022,9781643755007,Chung Bora 
183,Fiction,정보라,Chung Bora ,Scars,흉터,Anton Hur,Cursed Bunny,Algonquin Books*,2022,9781643755007,Chung Bora 
184,Fiction,정보라,Chung Bora ,Home Sweet Home,즐거운 나의 집,Anton Hur,Cursed Bunny,Algonquin Books*,2022,9781643755007,Chung Bora 
185,Fiction,정보라,Chung Bora ,Ruler of the Winds and Sands,바람과 모래의 지배자,Anton Hur,Cursed Bunny,Algonquin Books*,2022,9781643755007,Chung Bora 
186,Fiction,정보라,Chung Bora ,Reunion,재회,Anton Hur,Cursed Bunny,Algonquin Books*,2022,9781643755007,Chung Bora 
187,Fiction,정보라,Chung Bora ,Cursed Bunny,저주토끼,Anton Hur,Cursed Bunny,Honford Star,2021,9781916277182,Chung Bora 
188,Fiction,정보라,Chung Bora ,The Head,머리,Anton Hur,Cursed Bunny,Honford Star,2021,9781916277182,Chung Bora 
189,Fiction,정보라,Chung Bora ,The Frozen Finger,차가운 손가락,Anton Hur,Cursed Bunny,Honford Star,2021,9781916277182,Chung Bora 
190,Fiction,정보라,Chung Bora ,The Embodiment,몸하다,Anton Hur,Cursed Bunny,Honford Star,2021,9781916277182,Chung Bora 
191,Fiction,정보라,Chung Bora ,"Goodbye, My Love","안녕, 내 사랑",Anton Hur,Cursed Bunny,Honford Star,2021,9781916277182,Chung Bora 
192,Fiction,정보라,Chung Bora ,Cursed Bunny,덫,Anton Hur,Cursed Bunny,Honford Star,2021,9781916277182,Chung Bora 
193,Fiction,정보라,Chung Bora ,Scars,흉터,Anton Hur,Cursed Bunny,Honford Star,2021,9781916277182,Chung Bora 
194,Fiction,정보라,Chung Bora ,Home Sweet Home,즐거운 나의 집,Anton Hur,Cursed Bunny,Honford Star,2021,9781916277182,Chung Bora 
195,Fiction,정보라,Chung Bora ,Ruler of the Winds and Sands,바람과 모래의 지배자,Anton Hur,Cursed Bunny,Honford Star,2021,9781916277182,Chung Bora 
196,Fiction,정보라,Chung Bora ,Reunion,재회,Anton Hur,Cursed Bunny,Honford Star,2021,9781916277182,Chung Bora 
197,Fiction,조남주,Cho Nam-Joo,Under the Plum Tree,매화나무 아래,Jamie Chang,Miss Kim Knows and Other Stories,Scribner UK,2023,9781398522916,Cho Nam Joo/Cho Nam-Joo
198,Fiction,조남주,Cho Nam-Joo,Dead Set,오기,Jamie Chang,Miss Kim Knows and Other Stories,Scribner UK,2023,9781398522916,Cho Nam Joo/Cho Nam-Joo
199,Fiction,조남주,Cho Nam-Joo,Miss Kim Knows,미스 김은 알고 있다,Jamie Chang,Miss Kim Knows and Other Stories,Scribner UK,2023,9781398522916,Cho Nam Joo/Cho Nam-Joo
200,Fiction,조남주,Cho Nam-Joo,Runaway,가출,Jamie Chang,Miss Kim Knows and Other Stories,Scribner UK,2023,9781398522916,Cho Nam Joo/Cho Nam-Joo
201,Fiction,조남주,Cho Nam-Joo,Dear Hyunnam Oppa,현남 오빠에게,Jamie Chang,Miss Kim Knows and Other Stories,Scribner UK,2023,9781398522916,Cho Nam Joo/Cho Nam-Joo
202,Fiction,조남주,Cho Nam-Joo,Night of Aurora,오로라의 밤,Jamie Chang,Miss Kim Knows and Other Stories,Scribner UK,2023,9781398522916,Cho Nam Joo/Cho Nam-Joo
203,Fiction,조남주,Cho Nam-Joo,Grown-Up Girl,여자아이는 자라서,Jamie Chang,Miss Kim Knows and Other Stories,Scribner UK,2023,9781398522916,Cho Nam Joo/Cho Nam-Joo
204,Fiction,조남주,Cho Nam-Joo,"Puppy Love, 2020",첫사랑 2020,Jamie Chang,Miss Kim Knows and Other Stories,Scribner UK,2023,9781398522916,Cho Nam Joo/Cho Nam-Joo
205,Fiction,조남주,Cho Nam-Joo,Under the Plum Tree,매화나무 아래,Jamie Chang,Miss Kim Knows and Other Stories,Scribner UK*,2023,9781398522923,Cho Nam Joo/Cho Nam-Joo
206,Fiction,조남주,Cho Nam-Joo,Dead Set,오기,Jamie Chang,Miss Kim Knows and Other Stories,Scribner UK*,2023,9781398522923,Cho Nam Joo/Cho Nam-Joo
207,Fiction,조남주,Cho Nam-Joo,Miss Kim Knows,미스 김은 알고 있다,Jamie Chang,Miss Kim Knows and Other Stories,Scribner UK*,2023,9781398522923,Cho Nam Joo/Cho Nam-Joo
208,Fiction,조남주,Cho Nam-Joo,Runaway,가출,Jamie Chang,Miss Kim Knows and Other Stories,Scribner UK*,2023,9781398522923,Cho Nam Joo/Cho Nam-Joo
209,Fiction,조남주,Cho Nam-Joo,Dear Hyunnam Oppa,현남 오빠에게,Jamie Chang,Miss Kim Knows and Other Stories,Scribner UK*,2023,9781398522923,Cho Nam Joo/Cho Nam-Joo
210,Fiction,조남주,Cho Nam-Joo,Night of Aurora,오로라의 밤,Jamie Chang,Miss Kim Knows and Other Stories,Scribner UK*,2023,9781398522923,Cho Nam Joo/Cho Nam-Joo
211,Fiction,조남주,Cho Nam-Joo,Grown-Up Girl,여자아이는 자라서,Jamie Chang,Miss Kim Knows and Other Stories,Scribner UK*,2023,9781398522923,Cho Nam Joo/Cho Nam-Joo
212,Fiction,조남주,Cho Nam-Joo,"Puppy Love, 2020",첫사랑 2020,Jamie Chang,Miss Kim Knows and Other Stories,Scribner UK*,2023,9781398522923,Cho Nam Joo/Cho Nam-Joo
213,Fiction,원재훈,Won Jae-hoon ,Wind-up Mouse,태엽 감는 쥐,"Ma. Kristina Carla Rico,Kyung-min Bae",There Are No Bad People In The World,Apop,2021,9789715088800,Won Jae hoon /Won Jae-hoon 
214,Fiction,원재훈,Won Jae-hoon ,There Are No Bad People In The World,세상에 나쁜 사람은 없다,"Ma. Kristina Carla Rico,Kyung-min Bae",There Are No Bad People In The World,Apop,2021,9789715088800,Won Jae hoon /Won Jae-hoon 
215,Fiction,원재훈,Won Jae-hoon ,The Hulk And Batman,헐크와 배트맨,"Ma. Kristina Carla Rico,Kyung-min Bae",There Are No Bad People In The World,Apop,2021,9789715088800,Won Jae hoon /Won Jae-hoon 
216,Fiction,원재훈,Won Jae-hoon ,"Old People Of All Nations, Unite!깅","만국의 늙은이여, 대동단결하라","Ma. Kristina Carla Rico,Kyung-min Bae",There Are No Bad People In The World,Apop,2021,9789715088800,Won Jae hoon /Won Jae-hoon 
217,Fiction,원재훈,Won Jae-hoon ,I Shall Think Only Of Myself,나만 생각해야겠다,"Ma. Kristina Carla Rico,Kyung-min Bae",There Are No Bad People In The World,Apop,2021,9789715088800,Won Jae hoon /Won Jae-hoon 
218,Fiction,원재훈,Won Jae-hoon ,I Got A Feeling,느낌이 온다,"Ma. Kristina Carla Rico,Kyung-min Bae",There Are No Bad People In The World,Apop,2021,9789715088800,Won Jae hoon /Won Jae-hoon 
219,Fiction,원재훈,Won Jae-hoon ,Toothpick,이쑤시개,"Ma. Kristina Carla Rico,Kyung-min Bae",There Are No Bad People In The World,Apop,2021,9789715088800,Won Jae hoon /Won Jae-hoon 
220,Fiction,원재훈,Won Jae-hoon ,Dandelion Seeds,민들레 씨앗,"Ma. Kristina Carla Rico,Kyung-min Bae",There Are No Bad People In The World,Apop,2021,9789715088800,Won Jae hoon /Won Jae-hoon 
221,Fiction,원재훈,Won Jae-hoon ,An Axe And Rabbits,도끼와 토끼,"Ma. Kristina Carla Rico,Kyung-min Bae",There Are No Bad People In The World,Apop,2021,9789715088800,Won Jae hoon /Won Jae-hoon 
222,Fiction,원재훈,Won Jae-hoon ,What Time Is It Now?,지금 몇 시지,"Ma. Kristina Carla Rico,Kyung-min Bae",There Are No Bad People In The World,Apop,2021,9789715088800,Won Jae hoon /Won Jae-hoon 
223,Fiction,원재훈,Won Jae-hoon ,The Magician,마법사,"Ma. Kristina Carla Rico,Kyung-min Bae",There Are No Bad People In The World,Apop,2021,9789715088800,Won Jae hoon /Won Jae-hoon 
224,Fiction,원재훈,Won Jae-hoon ,Going Out,외출,"Ma. Kristina Carla Rico,Kyung-min Bae",There Are No Bad People In The World,Apop,2021,9789715088800,Won Jae hoon /Won Jae-hoon 
225,Fiction,원재훈,Won Jae-hoon ,A Woman Who Fell From A Motel,모텔 여자 추락사건,"Ma. Kristina Carla Rico,Kyung-min Bae",There Are No Bad People In The World,Apop,2021,9789715088800,Won Jae hoon /Won Jae-hoon 
226,Fiction,원재훈,Won Jae-hoon ,A Poem And A Girl,시와 소녀,"Ma. Kristina Carla Rico,Kyung-min Bae",There Are No Bad People In The World,Apop,2021,9789715088800,Won Jae hoon /Won Jae-hoon 
227,Fiction,원재훈,Won Jae-hoon ,Poppy,양귀비꽃,"Ma. Kristina Carla Rico,Kyung-min Bae",There Are No Bad People In The World,Apop,2021,9789715088800,Won Jae hoon /Won Jae-hoon 
228,Fiction,원재훈,Won Jae-hoon ,Magic Lily	,상사화,"Ma. Kristina Carla Rico,Kyung-min Bae",There Are No Bad People In The World,Apop,2021,9789715088800,Won Jae hoon /Won Jae-hoon 
229,Fiction,원재훈,Won Jae-hoon ,TSacred Bamboo,남천,"Ma. Kristina Carla Rico,Kyung-min Bae",There Are No Bad People In The World,Apop,2021,9789715088800,Won Jae hoon /Won Jae-hoon 
230,Fiction,원재훈,Won Jae-hoon ,Pumpkin Flower	,호박꽃,"Ma. Kristina Carla Rico,Kyung-min Bae",There Are No Bad People In The World,Apop,2021,9789715088800,Won Jae hoon /Won Jae-hoon 
231,Fiction,원재훈,Won Jae-hoon ,Morning Glory,나팔꽃,"Ma. Kristina Carla Rico,Kyung-min Bae",There Are No Bad People In The World,Apop,2021,9789715088800,Won Jae hoon /Won Jae-hoon 
232,Fiction,원재훈,Won Jae-hoon ,Wild Flower,들국화,"Ma. Kristina Carla Rico,Kyung-min Bae",There Are No Bad People In The World,Apop,2021,9789715088800,Won Jae hoon /Won Jae-hoon 
233,Fiction,원재훈,Won Jae-hoon ,Snowflake,눈꽃,"Ma. Kristina Carla Rico,Kyung-min Bae",There Are No Bad People In The World,Apop,2021,9789715088800,Won Jae hoon /Won Jae-hoon 
234,Fiction,원재훈,Won Jae-hoon ,How To Cross Mapo Bridge,마포대교를 건너는 법,"Ma. Kristina Carla Rico,Kyung-min Bae",There Are No Bad People In The World,Apop,2021,9789715088800,Won Jae hoon /Won Jae-hoon 
235,Fiction,원재훈,Won Jae-hoon ,Ocarina Granny's Colorful Mind,오카리나 할머니의 단풍 든 마음,"Ma. Kristina Carla Rico,Kyung-min Bae",There Are No Bad People In The World,Apop,2021,9789715088800,Won Jae hoon /Won Jae-hoon 
236,Fiction,원재훈,Won Jae-hoon ,Letter From Grasshopper Road,여치길 편지,"Ma. Kristina Carla Rico,Kyung-min Bae",There Are No Bad People In The World,Apop,2021,9789715088800,Won Jae hoon /Won Jae-hoon 
237,Fiction,원재훈,Won Jae-hoon ,Propaganda Broadcast To South Korea,대남방송,"Ma. Kristina Carla Rico,Kyung-min Bae",There Are No Bad People In The World,Apop,2021,9789715088800,Won Jae hoon /Won Jae-hoon 
238,Fiction,원재훈,Won Jae-hoon ,Mother's Tear,엄마의 눈물,"Ma. Kristina Carla Rico,Kyung-min Bae",There Are No Bad People In The World,Apop,2021,9789715088800,Won Jae hoon /Won Jae-hoon 
239,Fiction,원재훈,Won Jae-hoon ,Red Moon,붉은 달,"Ma. Kristina Carla Rico,Kyung-min Bae",There Are No Bad People In The World,Apop,2021,9789715088800,Won Jae hoon /Won Jae-hoon 
240,Fiction,원재훈,Won Jae-hoon ,Pushing A Wheelchair,휠체어를 밀면서,"Ma. Kristina Carla Rico,Kyung-min Bae",There Are No Bad People In The World,Apop,2021,9789715088800,Won Jae hoon /Won Jae-hoon 
241,Fiction,원재훈,Won Jae-hoon ,The Annals Of Document Airing,실록 포쇄형지안,"Ma. Kristina Carla Rico,Kyung-min Bae",There Are No Bad People In The World,Apop,2021,9789715088800,Won Jae hoon /Won Jae-hoon 
242,Fiction,원재훈,Won Jae-hoon ,Where Does Anger Come From?,화는 어디서 오는 것인가,"Ma. Kristina Carla Rico,Kyung-min Bae",There Are No Bad People In The World,Apop,2021,9789715088800,Won Jae hoon /Won Jae-hoon 
243,Fiction,원재훈,Won Jae-hoon ,Midnight Counting Room,심야 개표장에서,"Ma. Kristina Carla Rico,Kyung-min Bae",There Are No Bad People In The World,Apop,2021,9789715088800,Won Jae hoon /Won Jae-hoon 
244,Fiction,원재훈,Won Jae-hoon ,A Butterfly Soaring High,나비가 날아오른다,"Ma. Kristina Carla Rico,Kyung-min Bae",There Are No Bad People In The World,Apop,2021,9789715088800,Won Jae hoon /Won Jae-hoon 
245,Fiction,원재훈,Won Jae-hoon ,Night Market	,야시장,"Ma. Kristina Carla Rico,Kyung-min Bae",There Are No Bad People In The World,Apop,2021,9789715088800,Won Jae hoon /Won Jae-hoon 
246,Fiction,원재훈,Won Jae-hoon ,Buddha With A Broken Arm,팔 부러진 부처,"Ma. Kristina Carla Rico,Kyung-min Bae",There Are No Bad People In The World,Apop,2021,9789715088800,Won Jae hoon /Won Jae-hoon 
247,Fiction,원재훈,Won Jae-hoon ,"It's Not Me Who Cuddled The Baby, It's The Baby Who Cuddled Me","내가 아이를 안은 것이 아니라, 아이가 나를 안아준 것이다","Ma. Kristina Carla Rico,Kyung-min Bae",There Are No Bad People In The World,Apop,2021,9789715088800,Won Jae hoon /Won Jae-hoon 
248,Fiction,원재훈,Won Jae-hoon ,The Magpie's Attack,까치의 공격,"Ma. Kristina Carla Rico,Kyung-min Bae",There Are No Bad People In The World,Apop,2021,9789715088800,Won Jae hoon /Won Jae-hoon 
249,Fiction,원재훈,Won Jae-hoon ,Mendicancy In The Indian Ocean,인도양에서의 구걸,"Ma. Kristina Carla Rico,Kyung-min Bae",There Are No Bad People In The World,Apop,2021,9789715088800,Won Jae hoon /Won Jae-hoon 
250,Fiction,원재훈,Won Jae-hoon ,Thirty Years Were Gone In A Blink,"잠깐, 눈을 감았다 뜨니 삼십 년이 흘렀다","Ma. Kristina Carla Rico,Kyung-min Bae",There Are No Bad People In The World,Apop,2021,9789715088800,Won Jae hoon /Won Jae-hoon 
251,Fiction,원재훈,Won Jae-hoon ,Starch Paste,풀,"Ma. Kristina Carla Rico,Kyung-min Bae",There Are No Bad People In The World,Apop,2021,9789715088800,Won Jae hoon /Won Jae-hoon 
252,Fiction,원재훈,Won Jae-hoon ,Cat Scratch,고양이 상처,"Ma. Kristina Carla Rico,Kyung-min Bae",There Are No Bad People In The World,Apop,2021,9789715088800,Won Jae hoon /Won Jae-hoon 
253,Fiction,박경리,Pak Kyongni,Calculations ,계산,Paige Aniyah Morris,The Age of Doubt,Honford Star,2022,9781739822521,Pak Kyongni
254,Fiction,박경리,Pak Kyongni,"Black is Black, White is White",흑흑백백,Slin Jung,The Age of Doubt,Honford Star,2022,9781739822521,Pak Kyongni
255,Fiction,박경리,Pak Kyongni,The Age of Darkness,암흑시대,Dasom Yang,The Age of Doubt,Honford Star,2022,9781739822521,Pak Kyongni
256,Fiction,박경리,Pak Kyongni,The Age of Doubt,불신시대,Anton Hur,The Age of Doubt,Honford Star,2022,9781739822521,Pak Kyongni
257,Fiction,박경리,Pak Kyongni,Retreat ,벽지,Emily Yae Won,The Age of Doubt,Honford Star,2022,9781739822521,Pak Kyongni
258,Fiction,박경리,Pak Kyongni,The Era of Fantasy ,환상의 시기,Mattho Mandersloot,The Age of Doubt,Honford Star,2022,9781739822521,Pak Kyongni
259,Fiction,박경리,Pak Kyongni,The Sickness No Medicine Can Fix,약으로도 못 고치는 병,Sophie Bowman,The Age of Doubt,Honford Star,2022,9781739822521,Pak Kyongni
260,Fiction,이효석,Yi Hyosŏk,When the Buckwheat Blooms,메밀꽃 필 무렵,"Kim Chong-un,Bruce Fulton",The Penguin Book of Korean Short Stories,Penguin,2023,9780241448489,Yi Hyosok/Yi Hyosŏk
261,Fiction,채만식,Ch'ae Manshik,A Man called Hŭngbo,흥보씨,"Ross King, Bruce and Ju-Chan Fulton",The Penguin Book of Korean Short Stories,Penguin,2023,9780241448489,Ch'ae Manshik
262,Fiction,주요섭,Chu Yosŏp,Mama and the Boarder,사랑손님과 어머니,"Kim Chong-un,Bruce Fulton",The Penguin Book of Korean Short Stories,Penguin,2023,9780241448489,Chu Yosop/Chu Yosŏp
263,Fiction,이문열,Yi Munyŏl,The Old Hatter,사라진 것들을 위하여,Suh Ji-Moon,The Penguin Book of Korean Short Stories,Penguin,2023,9780241448489,Yi Munyol/Yi Munyŏl
264,Fiction,김태용,Kim Taeyong,Pig on Grass,풀밭 위의 돼지,Bruce and Ju-Chan Fulton,The Penguin Book of Korean Short Stories,Penguin,2023,9780241448489,Kim Taeyong
265,Fiction,박태원,Pak T'aewŏn,A Day in the Life of kubo the Novelist,소설가 구보씨의 일일,Sunyoung Park (in collaboration with Jefferson J. A. Gatrall and Kevin O'Rourke),The Penguin Book of Korean Short Stories,Penguin,2023,9780241448489,Pak T'aewon/Pak T'aewŏn
266,Fiction,김유정,Kim Yujŏng,Spicebush Blossoms,동백꽃,Bruce and Ju-Chan Fulton,The Penguin Book of Korean Short Stories,Penguin,2023,9780241448489,Kim Yujong/Kim Yujŏng
267,Fiction,최윤,Ch'oe Yun,The Last of Hanak'o,하나코는 없다,Bruce and Ju-Chan Fulton,The Penguin Book of Korean Short Stories,Penguin,2023,9780241448489,Ch'oe Yun
268,Fiction,홍석중,Hong Sŏkchung,A chapter from Hwang Chini,황진이,Bruce and Ju-Chan Fulton,The Penguin Book of Korean Short Stories,Penguin,2023,9780241448489,Hong Sokchung/Hong Sŏkchung
269,Fiction,천운영,Ch'ŏn Unyŏng,Needlework,바늘,"Na-young Bae,Bruce Fulton",The Penguin Book of Korean Short Stories,Penguin,2023,9780241448489,Ch'on Unyong/Ch'ŏn Unyŏng
270,Fiction,황순원,Hwang Sunwŏn,Time for You and Me,나와 나만의 시간,Bruce and Ju-Chan Fulton,The Penguin Book of Korean Short Stories,Penguin,2023,9780241448489,Hwang Sunwon/Hwang Sunwŏn
271,Fiction,박완서,Pak Wansŏ,Winter Outing,겨울 나들이,Marshall R. Pihl,The Penguin Book of Korean Short Stories,Penguin,2023,9780241448489,Pak Wanso/Pak Wansŏ
272,Fiction,조정래,Cho Chŏngnae,Land of Exile,유형의 땅,Marshall R. Pihl,The Penguin Book of Korean Short Stories,Penguin,2023,9780241448489,Cho Chongnae/Cho Chŏngnae
273,Fiction,이상,Yi Sang,Wings,날개,Kevin O'Rourke,The Penguin Book of Korean Short Stories,Penguin,2023,9780241448489,Yi Sang
274,Fiction,김승옥,Kim Sŭngok,Seoul: Winter 1964,"서울, 1964년 겨울",Marshall R. Pihl,The Penguin Book of Korean Short Stories,Penguin,2023,9780241448489,Kim Sungok/Kim Sŭngok
275,Fiction,오정희,O Chŏnghŭi,Wayfarer,순례자의 노래,Bruce and Ju-Chan Fulton,The Penguin Book of Korean Short Stories,Penguin,2023,9780241448489,O Chonghui/O Chŏnghŭi
276,Fiction,신경숙,Shin Kyung-Sook ,House on the Prairie,벌판 위의 빈 집,Bruce and Ju-Chan Fulton,The Penguin Book of Korean Short Stories,Penguin,2023,9780241448489,Shin Kyung Sook /Shin Kyung-Sook 
277,Fiction,편혜영,P'yŏn Hyeyŏng,The First Anniversary,첫번째 기념일,"Cindy Chen,Bruce and Ju-Chan Fulton",The Penguin Book of Korean Short Stories,Penguin,2023,9780241448489,P'yon Hyeyong/P'yŏn Hyeyŏng
278,Fiction,최수철,Choi Suchol,River Dark,river dark,Bruce and Ju-Chan Fulton,The Penguin Book of Korean Short Stories,Penguin,2023,9780241448489,Choi Suchol
279,Fiction,최인호,Ch'oe Inho,The Popular Tree,포플러 나무,Bruce and Ju-Chan Fulton,The Penguin Book of Korean Short Stories,Penguin,2023,9780241448489,Ch'oe Inho
280,Fiction,황정은,Hwang Chŏngŭn,The Bone Thief,뼈도둑,Bruce and Ju-Chan Fulton,The Penguin Book of Korean Short Stories,Penguin,2023,9780241448489,Hwang Chongun/Hwang Chŏngŭn
281,Fiction,정영문,Jung Young Moon,Home on the Range,양떼목장,Bruce and Ju-Chan Fulton,The Penguin Book of Korean Short Stories,Penguin,2023,9780241448489,Jung Young Moon
282,Fiction,김중혁,Kim Chunghyŏk,The Glass Shield,유리방패,Kevin O'Rourke,The Penguin Book of Korean Short Stories,Penguin,2023,9780241448489,Kim Chunghyok/Kim Chunghyŏk
283,Fiction,한유주,Han Yujoo,Black-and-White Photographer,흑백사진사,Janet Hong,The Penguin Book of Korean Short Stories,Penguin,2023,9780241448489,Han Yujoo
284,Fiction,김애란,Kim Aeran,The Future of Silence,침묵의 노래,Bruce and Ju-Chan Fulton,The Penguin Book of Korean Short Stories,Penguin,2023,9780241448489,Kim Aeran
285,Fiction,이효석,Yi Hyosŏk,When the Buckwheat Blooms,메밀꽃 필 무렵,"Kim Chong-un,Bruce Fulton",The Penguin Book of Korean Short Stories,Penguin*,2023,9780241448526,Yi Hyosok/Yi Hyosŏk
286,Fiction,채만식,Ch'ae Manshik,A Man called Hŭngbo,흥보씨,"Ross King, Bruce and Ju-Chan Fulton",The Penguin Book of Korean Short Stories,Penguin*,2023,9780241448526,Ch'ae Manshik
287,Fiction,주요섭,Chu Yosŏp,Mama and the Boarder,사랑손님과 어머니,"Kim Chong-un,Bruce Fulton",The Penguin Book of Korean Short Stories,Penguin*,2023,9780241448526,Chu Yosop/Chu Yosŏp
288,Fiction,이문열,Yi Munyŏl,The Old Hatter,사라진 것들을 위하여,Suh Ji-Moon,The Penguin Book of Korean Short Stories,Penguin*,2023,9780241448526,Yi Munyol/Yi Munyŏl
289,Fiction,김태용,Kim Taeyong,Pig on Grass,풀밭 위의 돼지,Bruce and Ju-Chan Fulton,The Penguin Book of Korean Short Stories,Penguin*,2023,9780241448526,Kim Taeyong
290,Fiction,박태원,Pak T'aewŏn,A Day in the Life of kubo the Novelist,소설가 구보씨의 일일,Sunyoung Park (in collaboration with Jefferson J. A. Gatrall and Kevin O'Rourke),The Penguin Book of Korean Short Stories,Penguin*,2023,9780241448526,Pak T'aewon/Pak T'aewŏn
291,Fiction,김유정,Kim Yujŏng,Spicebush Blossoms,동백꽃,Bruce and Ju-Chan Fulton,The Penguin Book of Korean Short Stories,Penguin*,2023,9780241448526,Kim Yujong/Kim Yujŏng
292,Fiction,최윤,Ch'oe Yun,The Last of Hanak'o,하나코는 없다,Bruce and Ju-Chan Fulton,The Penguin Book of Korean Short Stories,Penguin*,2023,9780241448526,Ch'oe Yun
293,Fiction,홍석중,Hong Sŏkchung,A chapter from Hwang Chini,황진이,Bruce and Ju-Chan Fulton,The Penguin Book of Korean Short Stories,Penguin*,2023,9780241448526,Hong Sokchung/Hong Sŏkchung
294,Fiction,천운영,Ch'ŏn Unyŏng,Needlework,바늘,"Na-young Bae,Bruce Fulton",The Penguin Book of Korean Short Stories,Penguin*,2023,9780241448526,Ch'on Unyong/Ch'ŏn Unyŏng
295,Fiction,황순원,Hwang Sunwŏn,Time for You and Me,나와 나만의 시간,Bruce and Ju-Chan Fulton,The Penguin Book of Korean Short Stories,Penguin*,2023,9780241448526,Hwang Sunwon/Hwang Sunwŏn
296,Fiction,박완서,Pak Wansŏ,Winter Outing,겨울 나들이,Marshall R. Pihl,The Penguin Book of Korean Short Stories,Penguin*,2023,9780241448526,Pak Wanso/Pak Wansŏ
297,Fiction,조정래,Cho Chŏngnae,Land of Exile,유형의 땅,Marshall R. Pihl,The Penguin Book of Korean Short Stories,Penguin*,2023,9780241448526,Cho Chongnae/Cho Chŏngnae
298,Fiction,이상,Yi Sang,Wings,날개,Kevin O'Rourke,The Penguin Book of Korean Short Stories,Penguin*,2023,9780241448526,Yi Sang
299,Fiction,김승옥,Kim Sŭngok,Seoul: Winter 1964,"서울, 1964년 겨울",Marshall R. Pihl,The Penguin Book of Korean Short Stories,Penguin*,2023,9780241448526,Kim Sungok/Kim Sŭngok
300,Fiction,오정희,O Chŏnghŭi,Wayfarer,순례자의 노래,Bruce and Ju-Chan Fulton,The Penguin Book of Korean Short Stories,Penguin*,2023,9780241448526,O Chonghui/O Chŏnghŭi
301,Fiction,신경숙,Shin Kyung-Sook,House on the Prairie,벌판 위의 빈 집,Bruce and Ju-Chan Fulton,The Penguin Book of Korean Short Stories,Penguin*,2023,9780241448526,Shin Kyung Sook/Shin Kyung-Sook
302,Fiction,편혜영,P'yŏn Hyeyŏng,The First Anniversary,첫번째 기념일,"Cindy Chen,Bruce and Ju-Chan Fulton",The Penguin Book of Korean Short Stories,Penguin*,2023,9780241448526,P'yon Hyeyong/P'yŏn Hyeyŏng
303,Fiction,최수철,Choi Suchol,River Dark,river dark,Bruce and Ju-Chan Fulton,The Penguin Book of Korean Short Stories,Penguin*,2023,9780241448526,Choi Suchol
304,Fiction,최인호,Ch'oe Inho,The Popular Tree,포플러 나무,Bruce and Ju-Chan Fulton,The Penguin Book of Korean Short Stories,Penguin*,2023,9780241448526,Ch'oe Inho
305,Fiction,황정은,Hwang Chŏngŭn,The Bone Thief,뼈도둑,Bruce and Ju-Chan Fulton,The Penguin Book of Korean Short Stories,Penguin*,2023,9780241448526,Hwang Chongun/Hwang Chŏngŭn
306,Fiction,정영문,Jung Young Moon,Home on the Range,양떼목장,Bruce and Ju-Chan Fulton,The Penguin Book of Korean Short Stories,Penguin*,2023,9780241448526,Jung Young Moon
307,Fiction,김중혁,Kim Chunghyŏk,The Glass Shield,유리방패,Kevin O'Rourke,The Penguin Book of Korean Short Stories,Penguin*,2023,9780241448526,Kim Chunghyok/Kim Chunghyŏk
308,Fiction,한유주,Han Yujoo,Black-and-White Photographer,흑백사진사,Janet Hong,The Penguin Book of Korean Short Stories,Penguin*,2023,9780241448526,Han Yujoo
309,Fiction,김애란,Kim Aeran,The Future of Silence,침묵의 노래,Bruce and Ju-Chan Fulton,The Penguin Book of Korean Short Stories,Penguin*,2023,9780241448526,Kim Aeran
310,Graphic Novel,김금숙,Gendry-Kim Keum Suk ,The Naked Tree,나목,Janet Hong,,Drawn & Quarterly,2023,9781770466678,Gendry Kim Keum Suk /Gendry-Kim Keum Suk 
311,Graphic Novel,최규석,Choi Kyu-sok,100°C: South Korea's 1987 Democracy Movement,"100℃ : 뜨거운 기억, 6월민주항쟁","Madeline D. Collins, Gia Kim,Nguyen Thi Huong Ly,Jusun Park,Brooke Shelton,Anna Toombs,Theodore Jun Yoo",,University of Hawaii Press,2023,9780824893958,Choi Kyu sok/Choi Kyu-sok
312,Graphic Novel,최규석,Choi Kyu-sok,100°C: South Korea's 1987 Democracy Movement,"100℃ : 뜨거운 기억, 6월민주항쟁","Madeline D. Collins, Gia Kim,Nguyen Thi Huong Ly,Jusun Park,Brooke Shelton,Anna Toombs,Theodore Jun Yoo",,University of Hawaii Press*,2023,9780824894832,Choi Kyu sok/Choi Kyu-sok
313,Misc,권영민,Kwon Youngmin ,What is Korean literature?,한국문학이란 무엇인가,Bruce Fulton,,"Institute of East Asian Studies, University of California, Berkeley",2020,9781557291868,Kwon Youngmin 
314,Fiction,김혁,Kim Hyeok,Chunja’s Nanjing,춘자의 남경,Stella Kim,,Seoul Selection U.S.A.,2022,9781624121463,Kim Hyeok
315,Misc,"황석영,이재의,전용","Hwang Sok-yong,Lee Jae-eui,Jeon Yong-ho",Gwangju Uprising,죽음을 넘어 시대의 어둠을 넘어,Slin Jung,,Verso Books,2022,9781788737142,"Hwang Sok yong,Lee Jae eui,Jeon Yong ho/Hwang Sok-yong,Lee Jae-eui,Jeon Yong-ho"
316,Graphic Novel,홍연식,Hong Yeon-sik ,Umma's Table,마당씨의 식탁,Janet Hong,,Drawn & Quarterly,2020,9781770463868,Hong Yeon sik /Hong Yeon-sik 
317,Graphic Novel,홍연식,Hong Yeon-sik ,Umma's Table,마당씨의 식탁,Janet Hong,,Drawn & Quarterly*,2020,9781770465336,Hong Yeon sik /Hong Yeon-sik 
318,Graphic Novel,봉준호,Bong Joon Ho,PARASITE,,,,Grand Central Publishing,2020,9781538753255,Bong Joon Ho
319,Graphic Novel,김금숙,Gendry-Kim Keum Suk,The Waiting,기다림,Janet Hong,,Drawn & Quarterly,2021,9781770464575,Gendry Kim Keum Suk/Gendry-Kim Keum Suk
320,Graphic Novel,김금숙,Gendry-Kim Keum Suk,The Waiting,기다림,Janet Hong,,Drawn & Quarterly*,2021,9781770465718,Gendry Kim Keum Suk/Gendry-Kim Keum Suk
321,Misc,이현순,Lee Hyun-Soon ,Buckle Down,내 안에 잠든 엔진을 깨워라,Hannah Pang,,Harriett Press,2020,9789811449512,Lee Hyun Soon /Lee Hyun-Soon 
322,Graphic Novel,마영신,Ma Yeong-shin ,Moms,엄마들,Janet Hong,,Drawn & Quarterly,2020,9781770464001,Ma Yeong shin /Ma Yeong-shin 
323,Graphic Novel,마영신,Ma Yeong-shin ,Moms,엄마들,Janet Hong,,Drawn & Quarterly*,2021,9781770465190,Ma Yeong shin /Ma Yeong-shin 
324,Graphic Novel,앙꼬,Ancco,Nineteen,열아홉,Janet Hong,,Drawn & Quarterly,2020,9781770464100,Ancco
325,Graphic Novel,마영신,Ma Yeong-shin ,Artist,아티스트1-2,Janet Hong,,Drawn and Quarterly,2022,9781770466173,Ma Yeong shin /Ma Yeong-shin 
